{
	"textures": {
		"0": "custom/troncopapaya_log",
		"1": "custom/troncopapaya_log_top",
		"particle": "custom/troncopapaya_log"
	},
	"elements": [
		{
			"from": [0, 0, 0],
			"to": [16, 16, 16],
			"faces": {
				"north": {"uv": [0, 0, 16, 16], "texture": "#0"},
				"east": {"uv": [0, 0, 16, 16], "texture": "#0"},
				"south": {"uv": [0, 0, 16, 16], "texture": "#0"},
				"west": {"uv": [0, 0, 16, 16], "texture": "#0"},
				"up": {"uv": [0, 0, 16, 16], "texture": "#1"},
				"down": {"uv": [0, 0, 16, 16], "texture": "#1"}
			}
		}
	],
	"display": {
		"thirdperson_righthand": {
			"rotation": [65, -43, 0],
			"translation": [0, 1.25, 0.5],
			"scale": [0.33, 0.33, 0.33]
		},
		"thirdperson_lefthand": {
			"rotation": [65, -43, 0],
			"translation": [0, 1.25, 0.5],
			"scale": [0.33, 0.33, 0.33]
		},
		"firstperson_righthand": {
			"rotation": [0, -43, 0],
			"translation": [-0.5, 0.25, 0.5],
			"scale": [0.4, 0.4, 0.4]
		},
		"firstperson_lefthand": {
			"rotation": [0, -43, 0],
			"scale": [0.5, 0.5, 0.5]
		},
		"ground": {
			"translation": [0, 0.25, 0],
			"scale": [0.3, 0.3, 0.3]
		},
		"gui": {
			"rotation": [30, 45, 0],
			"scale": [0.6, 0.6, 0.6]
		},
		"head": {
			"translation": [-18.25, -14.75, -18.25],
			"scale": [2.3, 2.3, 2.3]
		},
		"fixed": {
			"rotation": [-90, 0, 0],
			"translation": [0, 0, -16],
			"scale": [2.01, 2.01, 2.01]
		}
	}
}