{
  "parent": "minecraft:recipes/root",
  "rewards": {
    "recipes": [
      "minecraft:waxed_exposed_cut_copper_slab_from_honeycomb"
    ]
  },
  "criteria": {
    "has_exposed_cut_copper_slab": {
      "trigger": "minecraft:inventory_changed",
      "conditions": {
        "items": [
          {
            "items": [
              "minecraft:exposed_cut_copper_slab"
            ]
          }
        ]
      }
    },
    "has_the_recipe": {
      "trigger": "minecraft:recipe_unlocked",
      "conditions": {
        "recipe": "minecraft:waxed_exposed_cut_copper_slab_from_honeycomb"
      }
    }
  },
  "requirements": [
    [
      "has_exposed_cut_copper_slab",
      "has_the_recipe"
    ]
  ]
}